INSERT INTO countries (id, name, default_lat, default_lng, default_zoom) VALUES ('se', 'Sverige', 62, 17, 5) ON CONFLICT (id) DO NOTHING;
INSERT INTO eras (id, country_id, label, year_from, year_to) VALUES ('frigoerelsen', 'se', 'Frigörelsen', 1520, 1560) ON CONFLICT (id) DO NOTHING;
INSERT INTO eras (id, country_id, label, year_from, year_to) VALUES ('expansion', 'se', 'Expansion', 1560, 1630) ON CONFLICT (id) DO NOTHING;
INSERT INTO eras (id, country_id, label, year_from, year_to) VALUES ('stormakt', 'se', 'Stormaktstid', 1630, 1718) ON CONFLICT (id) DO NOTHING;
INSERT INTO eras (id, country_id, label, year_from, year_to) VALUES ('fall', 'se', 'Stormaktens fall', 1718, 1721) ON CONFLICT (id) DO NOTHING;
INSERT INTO eras (id, country_id, label, year_from, year_to) VALUES ('frihetstid', 'se', 'Frihetstid', 1721, 1772) ON CONFLICT (id) DO NOTHING;
INSERT INTO eras (id, country_id, label, year_from, year_to) VALUES ('gustaviansk', 'se', 'Gustaviansk tid', 1772, 1809) ON CONFLICT (id) DO NOTHING;
INSERT INTO eras (id, country_id, label, year_from, year_to) VALUES ('slutet', 'se', 'Mot freden', 1809, 1814) ON CONFLICT (id) DO NOTHING;
INSERT INTO persons (id, name, born, died, initials, description, country_id) VALUES ('se_p001', 'Gustav Vasa', 1496, 1560, 'GV', 'Kung av Sverige 1523–1560. Ledde upproret mot Danmark efter Stockholms blodbad, bröt Sverige ur Kalmarunionen och grundade i praktiken det moderna Sverige. Genomförde även reformationen och gjorde kyrkan statlig.', 'se') ON CONFLICT (id) DO NOTHING;
INSERT INTO persons (id, name, born, died, initials, description, country_id) VALUES ('se_p002', 'Kristian II', 1481, 1559, 'K2', 'Kung av Danmark, Norge och Sverige. Beordrade Stockholms blodbad 1520 i ett försök att befästa dansk kontroll över Sverige. Handlingen fick motsatt effekt och utlöste det uppror som bröt unionen.', 'se') ON CONFLICT (id) DO NOTHING;
INSERT INTO persons (id, name, born, died, initials, description, country_id) VALUES ('se_p003', 'Gustav II Adolf', 1594, 1632, 'GA', 'Kung av Sverige 1611–1632, kallad ''Lejonet från Norden''. Under hans ledning blev Sverige en europeisk stormakt. Dödades i slaget vid Lützen 1632 och blev en av historiens mest omtalade krigarkungarna.', 'se') ON CONFLICT (id) DO NOTHING;
INSERT INTO persons (id, name, born, died, initials, description, country_id) VALUES ('se_p004', 'Axel Oxenstierna', 1583, 1654, 'AO', 'Rikskansler under Gustav II Adolf och sedan förmyndare för drottning Kristina. En av de mest inflytelserika statsmännen i svensk historia. Ledde Sverige genom stora delar av Trettioåriga kriget efter kungens död.', 'se') ON CONFLICT (id) DO NOTHING;
INSERT INTO persons (id, name, born, died, initials, description, country_id) VALUES ('se_p005', 'Karl X Gustav', 1622, 1660, 'KXG', 'Kung av Sverige 1654–1660. Ledde de spektakulära vinterfälttågen över de danska sunden 1658 och tvingade Danmark att avträda Skåne, Blekinge och Halland i freden i Roskilde.', 'se') ON CONFLICT (id) DO NOTHING;
INSERT INTO persons (id, name, born, died, initials, description, country_id) VALUES ('se_p006', 'Karl XI', 1655, 1697, 'K11', 'Kung av Sverige 1660–1697. Besegrade Danmark vid Lund 1676 och genomförde sedan den stora reduktionen – återförde adelns gods till kronan och skapade en starkare centralmakt.', 'se') ON CONFLICT (id) DO NOTHING;
INSERT INTO persons (id, name, born, died, initials, description, country_id) VALUES ('se_p007', 'Karl XII', 1682, 1718, 'K12', 'Kung av Sverige 1697–1718. Militärt genial men strategiskt kostsam. Vann spektakulära segrar vid Narva och Kliszów men förlorade allt vid Poltava 1709. Sköts vid belägringen av Fredrikshald under oklara omständigheter.', 'se') ON CONFLICT (id) DO NOTHING;
INSERT INTO persons (id, name, born, died, initials, description, country_id) VALUES ('se_p008', 'Peter den Store', 1672, 1725, 'PdS', 'Tsar av Ryssland 1682–1725. Moderniserade Ryssland efter västerländsk modell. Besegrades katastrofalt av Karl XII vid Narva men använde nederlaget för att reformera sin armé och segrade slutligen vid Poltava 1709.', 'se') ON CONFLICT (id) DO NOTHING;
INSERT INTO persons (id, name, born, died, initials, description, country_id) VALUES ('se_p009', 'Magnus Stenbock', 1665, 1717, 'MS', 'Svensk fältmarskalk och en av Karl XII:s främsta generaler. Vann den sista svenska storsegern vid Gadebusch 1712 men kapitulerade sedan vid Tönning 1713 och dog i dansk fångenskap.', 'se') ON CONFLICT (id) DO NOTHING;
INSERT INTO persons (id, name, born, died, initials, description, country_id) VALUES ('se_p010', 'Ulrika Eleonora', 1688, 1741, 'UE', 'Drottning av Sverige 1718–1720, syster till Karl XII. Abdikerade till förmån för sin make Fredrik I. Under hennes korta regering inleddes arbetet med den nya frihetstida författningen som begränsade kungamakten.', 'se') ON CONFLICT (id) DO NOTHING;
INSERT INTO persons (id, name, born, died, initials, description, country_id) VALUES ('se_p011', 'Arvid Horn', 1664, 1742, 'AH', 'Ledande statsman under frihetstiden och ledare för mösspartiet. Förespråkade fred och återhållsamhet efter stormaktstidens kostsamma krig. Dominerade svensk politik under 1720-talet.', 'se') ON CONFLICT (id) DO NOTHING;
INSERT INTO persons (id, name, born, died, initials, description, country_id) VALUES ('se_p012', 'Gustaf III', 1746, 1792, 'G3', 'Kung av Sverige 1771–1792. Genomförde statskupp 1772 och återupprättade kungamakten. Kulturellt briljant men politiskt kontroversiell. Startade krig mot Ryssland 1788 och mördades på en maskeradbal 1792.', 'se') ON CONFLICT (id) DO NOTHING;
INSERT INTO persons (id, name, born, died, initials, description, country_id) VALUES ('se_p013', 'Gustaf IV Adolf', 1778, 1837, 'G4', 'Kung av Sverige 1792–1809. Envist antinapoleonsk och förde Sverige in i katastrofala krig. Förlorade Finland till Ryssland 1809 och avsattes i en militärkupp samma år – den siste svenska kungen att avsättas.', 'se') ON CONFLICT (id) DO NOTHING;
INSERT INTO persons (id, name, born, died, initials, description, country_id) VALUES ('se_p014', 'Jean-Baptiste Bernadotte', 1763, 1844, 'JB', 'Fransk marskalk under Napoleon, vald till svensk kronprins 1810 som Karl Johan. Vände Sverige mot Napoleon, erövrade Norge från Danmark 1814 och slöt fred. Blev kung Karl XIV Johan 1818.', 'se') ON CONFLICT (id) DO NOTHING;
INSERT INTO persons (id, name, born, died, initials, description, country_id) VALUES ('se_p015', 'Lennart Torstenson', 1603, 1651, 'LT', 'Svensk fältmarskalk, en av de skickligaste i Trettioåriga kriget. Känd för sina snabba marscher och offensiva artilleriföring. Ledde det svenska angreppet på Danmark 1643–1645 i det så kallade Torstensonkriget.', 'se') ON CONFLICT (id) DO NOTHING;
INSERT INTO persons (id, name, born, died, initials, description, country_id) VALUES ('se_p016', 'Ivan Mazepa', 1639, 1709, 'IM', 'Kosackhetman i Ukraina, allierade sig med Karl XII mot Peter den Store inför Poltava-kampanjen. Hoppades på ett självständigt Ukraina men alliansen slutade i katastrof vid Poltava 1709.', 'se') ON CONFLICT (id) DO NOTHING;
INSERT INTO persons (id, name, born, died, initials, description, country_id) VALUES ('se_p017', 'Fredrik I', 1676, 1751, 'F1', 'Kung av Sverige 1720–1751. Makten låg reellt hos riksrådet under frihetstiden. Sverige förlorade stormaktsställningen under hans tid men upplevde också en period av relativ fred och ekonomisk återhämtning.', 'se') ON CONFLICT (id) DO NOTHING;
INSERT INTO persons (id, name, born, died, initials, description, country_id) VALUES ('se_p018', 'Kristina', 1626, 1689, 'KR', 'Drottning av Sverige 1632–1654, dotter till Gustav II Adolf. Excentrisk och bildad regent som avslutade Trettioåriga kriget med freden i Westfalen 1648. Abdikerade frivilligt, konverterade till katolicismen och levde resten av livet i Rom.', 'se') ON CONFLICT (id) DO NOTHING;
INSERT INTO events (id, country_id, type, era_id, name, date, year, lat, lng, modern_location, historical_context, description, notes, wikipedia, route_description) VALUES ('se_e001', 'se', 'event', 'frigoerelsen', 'Stockholms blodbad', '8–9 november 1520', 1520, 59.325, 18.071, 'Stockholm, Sverige', 'Kalmarunionen, 1520', 'Kung Kristian II av Danmark lät avrätta uppemot 90 personer – biskopar, adelsmän och borgare – på Stortorget i Stockholm. Det var ett försök att befästa dansk kontroll genom terror. Handlingen fick rakt motsatt effekt: den utlöste ett uppror som för alltid bröt Sverige ur Kalmarunionen.', NULL, NULL, NULL) ON CONFLICT (id) DO NOTHING;
INSERT INTO event_persons (event_id, person_id, role) VALUES ('se_e001', 'se_p002', 'Beordrade massakern') ON CONFLICT (event_id, person_id) DO NOTHING;
INSERT INTO event_persons (event_id, person_id, role) VALUES ('se_e001', 'se_p001', 'Förlorade sin far i blodbadet, ledde upproret som följde') ON CONFLICT (event_id, person_id) DO NOTHING;
INSERT INTO events (id, country_id, type, era_id, name, date, year, lat, lng, modern_location, historical_context, description, notes, wikipedia, route_description) VALUES ('se_e002', 'se', 'event', 'frigoerelsen', 'Gustav Vasa väljs till kung', '6 juni 1523', 1523, 57.782, 14.156, 'Strängnäs, Sverige', 'Sverige, 1523', 'Gustav Vasa väljs till kung av Sverige på riksdagen i Strängnäs. Sverige bröt officiellt ur Kalmarunionen och Danmark förlorade kontrollen över riket. Den 6 juni firas idag som Sveriges nationaldag.', NULL, NULL, NULL) ON CONFLICT (id) DO NOTHING;
INSERT INTO event_persons (event_id, person_id, role) VALUES ('se_e002', 'se_p001', 'Vald till kung, grundare av Vasadynastin') ON CONFLICT (event_id, person_id) DO NOTHING;
INSERT INTO events (id, country_id, type, era_id, name, date, year, lat, lng, modern_location, historical_context, description, notes, wikipedia, route_description) VALUES ('se_e003', 'se', 'event', 'frigoerelsen', 'Reformationen genomförs', '1527', 1527, 59.325, 18.071, 'Västerås, Sverige', 'Kungariket Sverige, 1527', 'På riksdagen i Västerås bröt Sverige med Rom och kyrkan underställdes kronan. Kyrkans gods konfiskerades och gav Gustav Vasa den ekonomiska bas han behövde för att konsolidera makten. En av de mest omvälvande politiska förändringarna i svensk historia.', NULL, NULL, NULL) ON CONFLICT (id) DO NOTHING;
INSERT INTO event_persons (event_id, person_id, role) VALUES ('se_e003', 'se_p001', 'Drev igenom reformationen av politiska och ekonomiska skäl') ON CONFLICT (event_id, person_id) DO NOTHING;
INSERT INTO events (id, country_id, type, era_id, name, date, year, lat, lng, modern_location, historical_context, description, notes, wikipedia, route_description) VALUES ('se_e004', 'se', 'battle', 'expansion', 'Nordiska sjuårskriget börjar', '1563', 1563, 56.046, 12.694, 'Helsingborg, Sverige', 'Kungariket Sverige, 1563', 'Sverige hamnade i krig mot Danmark, Lübeck och Polen i ett av de blodigaste nordiska krigen på 1500-talet. Konflikten handlade om kontrollen över Östersjöhandeln och de strategiska sunden. Kriget slutade i status quo 1570 men kostade enormt i liv och resurser.', NULL, NULL, NULL) ON CONFLICT (id) DO NOTHING;
INSERT INTO events (id, country_id, type, era_id, name, date, year, lat, lng, modern_location, historical_context, description, notes, wikipedia, route_description) VALUES ('se_e005', 'se', 'battle', 'expansion', 'Slaget i Kalmar sund', '31 maj – 1 juni 1611', 1611, 56.661, 16.362, 'Kalmar sund, Sverige', 'Kalmarkriget, 1611', 'Danmark angrep Sverige i Kalmarkriget och tog Kalmar fästning. Det var ett av de tyngre nederlaget för Sverige under denna period. Det unga Karl II:s (senare Gustav II Adolf) första eldprov som ledare.', NULL, NULL, NULL) ON CONFLICT (id) DO NOTHING;
INSERT INTO event_persons (event_id, person_id, role) VALUES ('se_e005', 'se_p003', 'Ung kung på sitt första fälttåg') ON CONFLICT (event_id, person_id) DO NOTHING;
INSERT INTO events (id, country_id, type, era_id, name, date, year, lat, lng, modern_location, historical_context, description, notes, wikipedia, route_description) VALUES ('se_e006', 'se', 'battle', 'stormakt', 'Slaget vid Breitenfeld', '17 september 1631', 1631, 51.427, 12.373, 'Breitenfeld, Tyskland', 'Det Heliga Romerska Riket, 1631', 'Sveriges första stora seger i Trettioåriga kriget och en av de viktigaste protestanska segrarna i hela konflikten. Gustav II Adolf besegrade den kejserliga armén och förvandlade Sverige till Europas ledande militärmakt. Segern räddade den protestantiska saken i Tyskland.', NULL, NULL, 'Sveriges inträde i Trettioåriga kriget – landstigning och marsch söderut') ON CONFLICT (id) DO NOTHING;
INSERT INTO event_persons (event_id, person_id, role) VALUES ('se_e006', 'se_p003', 'Överbefälhavare, avgörande seger') ON CONFLICT (event_id, person_id) DO NOTHING;
INSERT INTO event_waypoints (event_id, sort_order, lat, lng, label) VALUES ('se_e006', 0, 56.16, 15.59, 'Kalmar – embarkeringen');
INSERT INTO event_waypoints (event_id, sort_order, lat, lng, label) VALUES ('se_e006', 1, 54.09, 13.38, 'Peenemünde – landstigning i Tyskland');
INSERT INTO event_waypoints (event_id, sort_order, lat, lng, label) VALUES ('se_e006', 2, 52.52, 13.41, 'Berlin-trakten – alliansen med Brandenburg');
INSERT INTO event_waypoints (event_id, sort_order, lat, lng, label) VALUES ('se_e006', 3, 51.43, 12.37, 'Breitenfeld – den avgörande segern');
INSERT INTO events (id, country_id, type, era_id, name, date, year, lat, lng, modern_location, historical_context, description, notes, wikipedia, route_description) VALUES ('se_e007', 'se', 'battle', 'stormakt', 'Slaget vid Lützen', '16 november 1632', 1632, 51.252, 12.141, 'Lützen, Tyskland', 'Det Heliga Romerska Riket, 1632', 'Sverige vann slaget men förlorade sin kung. Gustav II Adolf sköts under drabbningen och dog på slagfältet. Hans död chockade hela Europa. Trots förlusten av kungen höll den svenska armén och segrade – men stormaktsprojektet förlorade sin drivande kraft.', NULL, NULL, NULL) ON CONFLICT (id) DO NOTHING;
INSERT INTO event_persons (event_id, person_id, role) VALUES ('se_e007', 'se_p003', 'Kung av Sverige, stupade i striden') ON CONFLICT (event_id, person_id) DO NOTHING;
INSERT INTO event_persons (event_id, person_id, role) VALUES ('se_e007', 'se_p004', 'Övertog ledningen av Sverige och kriget efter kungens död') ON CONFLICT (event_id, person_id) DO NOTHING;
INSERT INTO events (id, country_id, type, era_id, name, date, year, lat, lng, modern_location, historical_context, description, notes, wikipedia, route_description) VALUES ('se_e008', 'se', 'event', 'stormakt', 'Freden i Westfalen', '24 oktober 1648', 1648, 51.962, 7.625, 'Osnabrück/Münster, Tyskland', 'Det Heliga Romerska Riket, 1648', 'Trettioåriga kriget avslutades. Sverige fick betydande territorier i norra Tyskland och erkändes som en av Europas stormakter. Freden i Westfalen anses ofta som startpunkten för det moderna statssystemet i Europa.', NULL, NULL, NULL) ON CONFLICT (id) DO NOTHING;
INSERT INTO event_persons (event_id, person_id, role) VALUES ('se_e008', 'se_p004', 'Ledde de svenska förhandlingarna') ON CONFLICT (event_id, person_id) DO NOTHING;
INSERT INTO event_persons (event_id, person_id, role) VALUES ('se_e008', 'se_p018', 'Drottning av Sverige, ratificerade freden') ON CONFLICT (event_id, person_id) DO NOTHING;
INSERT INTO events (id, country_id, type, era_id, name, date, year, lat, lng, modern_location, historical_context, description, notes, wikipedia, route_description) VALUES ('se_e009', 'se', 'battle', 'stormakt', 'Torstensonkriget mot Danmark', '1643–1645', 1643, 56.15, 10.22, 'Jylland, Danmark', 'Kungariket Danmark, 1643', 'Sverige angrep Danmark utan förklaring och Lennart Torstensons armé marscherade blixtsnabbt genom Jylland. Kriget slutade med freden i Brömsebro 1645 där Danmark avträdde Gotland, Ösel och Jämtland till Sverige – ett stort steg mot svensk dominans i Norden.', NULL, NULL, 'Torstensons blixtkrig – armén svepte genom Jylland på rekordtid') ON CONFLICT (id) DO NOTHING;
INSERT INTO event_persons (event_id, person_id, role) VALUES ('se_e009', 'se_p015', 'Överbefälhavare för den svenska armén') ON CONFLICT (event_id, person_id) DO NOTHING;
INSERT INTO event_waypoints (event_id, sort_order, lat, lng, label) VALUES ('se_e009', 0, 55.71, 13.19, 'Malmö – utgångspunkt');
INSERT INTO event_waypoints (event_id, sort_order, lat, lng, label) VALUES ('se_e009', 1, 55.47, 9.47, 'Kolding, Jylland');
INSERT INTO event_waypoints (event_id, sort_order, lat, lng, label) VALUES ('se_e009', 2, 56.46, 9.98, 'Viborg, norra Jylland');
INSERT INTO event_waypoints (event_id, sort_order, lat, lng, label) VALUES ('se_e009', 3, 57.05, 9.92, 'Ålborg – armén kontrollerar Jylland');
INSERT INTO events (id, country_id, type, era_id, name, date, year, lat, lng, modern_location, historical_context, description, notes, wikipedia, route_description) VALUES ('se_e010', 'se', 'battle', 'stormakt', 'Tåget över Bält', 'januari–februari 1658', 1658, 55.45, 10.5, 'Lilla Bält och Stora Bält, Danmark', 'Kungariket Danmark, 1658', 'En av historiens mest djärvaste militära manövrar. Karl X Gustav ledde sin armé till fots över de frusna danska sunden under vintern. Det var ett drag ingen danskt befäl ansåg möjligt. Rörelsen kringgick alla danska försvar och tvingade Danmark till förhandlingsbordet.', NULL, NULL, 'Marschen över isen – ett drag ingen danskt befäl ansåg möjligt') ON CONFLICT (id) DO NOTHING;
INSERT INTO event_persons (event_id, person_id, role) VALUES ('se_e010', 'se_p005', 'Kung av Sverige, planerade och ledde den riskfyllda manövern') ON CONFLICT (event_id, person_id) DO NOTHING;
INSERT INTO event_waypoints (event_id, sort_order, lat, lng, label) VALUES ('se_e010', 0, 55.6, 13, 'Malmö – armén samlas');
INSERT INTO event_waypoints (event_id, sort_order, lat, lng, label) VALUES ('se_e010', 1, 55.49, 9.75, 'Kolding, Fyn-sidan');
INSERT INTO event_waypoints (event_id, sort_order, lat, lng, label) VALUES ('se_e010', 2, 55.39, 10.38, 'Fyn – Lilla Bält korsas');
INSERT INTO event_waypoints (event_id, sort_order, lat, lng, label) VALUES ('se_e010', 3, 55.46, 11.56, 'Sprogø – mitt på Stora Bält');
INSERT INTO event_waypoints (event_id, sort_order, lat, lng, label) VALUES ('se_e010', 4, 55.53, 11.99, 'Korsör, Själland – isen håller');
INSERT INTO event_waypoints (event_id, sort_order, lat, lng, label) VALUES ('se_e010', 5, 55.64, 12.08, 'Roskilde – Danmark ger upp');
INSERT INTO events (id, country_id, type, era_id, name, date, year, lat, lng, modern_location, historical_context, description, notes, wikipedia, route_description) VALUES ('se_e011', 'se', 'event', 'stormakt', 'Freden i Roskilde', '26 februari 1658', 1658, 55.641, 12.08, 'Roskilde, Danmark', 'Kungariket Danmark, 1658', 'Danmark tvingades avträda Skåne, Blekinge, Halland, Bornholm och Trondheims len till Sverige. Det var Sveriges territoriella höjdpunkt och skapade i stort sett den moderna svenska-danska gränsen. Bornholm och Trondheim återfick Danmark kort därefter, men Skåne förblev svenskt.', NULL, NULL, NULL) ON CONFLICT (id) DO NOTHING;
INSERT INTO event_persons (event_id, person_id, role) VALUES ('se_e011', 'se_p005', 'Kung av Sverige, dikterade fredsvillkoren') ON CONFLICT (event_id, person_id) DO NOTHING;
INSERT INTO events (id, country_id, type, era_id, name, date, year, lat, lng, modern_location, historical_context, description, notes, wikipedia, route_description) VALUES ('se_e012', 'se', 'battle', 'stormakt', 'Slaget vid Lund', '4 december 1676', 1676, 55.705, 13.19, 'Lund, Sverige', 'Skåne, Sverige (nyligen erövrat från Danmark), 1676', 'Det blodigaste slaget i Skandinaviens historia. Danmark hade återtagit stora delar av Skåne och hotade att vinna tillbaka provinsen. Karl XI mötte den danska armén utanför Lund. Uppskattningsvis 9 000 soldater dödades under några timmar. Sverige segrade och behöll Skåne.', NULL, NULL, NULL) ON CONFLICT (id) DO NOTHING;
INSERT INTO event_persons (event_id, person_id, role) VALUES ('se_e012', 'se_p006', 'Kung av Sverige, ledde personligen kavalleriet till seger') ON CONFLICT (event_id, person_id) DO NOTHING;
INSERT INTO events (id, country_id, type, era_id, name, date, year, lat, lng, modern_location, historical_context, description, notes, wikipedia, route_description) VALUES ('se_e013', 'se', 'battle', 'stormakt', 'Slaget vid Landskrona', '14 juli 1677', 1677, 55.871, 12.83, 'Landskrona, Sverige', 'Skåne, Sverige, 1677', 'Karl XI besegrade återigen den danska armén, nu vid Landskrona. Segern befäste svensk kontroll över Skåne definitivt. Danmarks sista realistiska chans att återta de förlorade provinserna gick om intet.', NULL, NULL, NULL) ON CONFLICT (id) DO NOTHING;
INSERT INTO event_persons (event_id, person_id, role) VALUES ('se_e013', 'se_p006', 'Kung av Sverige, segrare') ON CONFLICT (event_id, person_id) DO NOTHING;
INSERT INTO events (id, country_id, type, era_id, name, date, year, lat, lng, modern_location, historical_context, description, notes, wikipedia, route_description) VALUES ('se_e014', 'se', 'event', 'stormakt', 'Den stora reduktionen', '1680', 1680, 59.325, 18.071, 'Stockholm, Sverige', 'Kungariket Sverige, 1680', 'Karl XI genomförde reduktionen – återförde adelns gods till kronan. En fjärdedel av Sveriges jord bytte ägare. Det var en av de mest genomgripande ekonomiska reformerna i svensk historia och skapade den finansiella bas som Karl XII senare spenderade på krigen.', NULL, NULL, NULL) ON CONFLICT (id) DO NOTHING;
INSERT INTO event_persons (event_id, person_id, role) VALUES ('se_e014', 'se_p006', 'Kung av Sverige, drev igenom reformen mot adelns motstånd') ON CONFLICT (event_id, person_id) DO NOTHING;
INSERT INTO events (id, country_id, type, era_id, name, date, year, lat, lng, modern_location, historical_context, description, notes, wikipedia, route_description) VALUES ('se_e015', 'se', 'battle', 'stormakt', 'Slaget vid Narva', '20 november 1700', 1700, 59.377, 28.177, 'Narva, Estland', 'Svenska Estland, 1700', 'Stora Nordiska krigets första stora slag. Med 10 000 man besegrade Karl XII en rysk armé på 40 000 under Peter den Store. En av de mest imponerande segrarna i europeisk militärhistoria. Men segern var bedräglig – den gav Peter den Store tid att reformera sin armé.', NULL, NULL, 'Karl XII:s snabba marsch för att undsätta Narva') ON CONFLICT (id) DO NOTHING;
INSERT INTO event_persons (event_id, person_id, role) VALUES ('se_e015', 'se_p007', 'Kung av Sverige, 18 år gammal, segerrik befälhavare') ON CONFLICT (event_id, person_id) DO NOTHING;
INSERT INTO event_persons (event_id, person_id, role) VALUES ('se_e015', 'se_p008', 'Tsar av Ryssland, besegrad och tvingad att fly') ON CONFLICT (event_id, person_id) DO NOTHING;
INSERT INTO event_waypoints (event_id, sort_order, lat, lng, label) VALUES ('se_e015', 0, 59.33, 18.07, 'Stockholm – armén mobiliseras');
INSERT INTO event_waypoints (event_id, sort_order, lat, lng, label) VALUES ('se_e015', 1, 59.44, 24.75, 'Tallinn (Reval) – landstigning');
INSERT INTO event_waypoints (event_id, sort_order, lat, lng, label) VALUES ('se_e015', 2, 59.38, 28.18, 'Narva – ryska belägringen bryts');
INSERT INTO events (id, country_id, type, era_id, name, date, year, lat, lng, modern_location, historical_context, description, notes, wikipedia, route_description) VALUES ('se_e016', 'se', 'battle', 'stormakt', 'Slaget vid Kliszów', '19 juli 1702', 1702, 50.317, 20.583, 'Kliszów, Polen', 'Kungariket Polen, 1702', 'Karl XII besegrade den sachsisk-polska armén och ockuperade Warszawa och Kraków. Sverige kontrollerade nu stora delar av Polen och Karl installerade en ny kung på den polska tronen. Det verkade som det svenska stormaktsimperiet nådde sin topp.', NULL, NULL, NULL) ON CONFLICT (id) DO NOTHING;
INSERT INTO event_persons (event_id, person_id, role) VALUES ('se_e016', 'se_p007', 'Kung av Sverige, segerrik i en lång rad polska fälttåg') ON CONFLICT (event_id, person_id) DO NOTHING;
INSERT INTO events (id, country_id, type, era_id, name, date, year, lat, lng, modern_location, historical_context, description, notes, wikipedia, route_description) VALUES ('se_e017', 'se', 'battle', 'stormakt', 'Slaget vid Poltava', '8 juli 1709', 1709, 49.588, 34.55, 'Poltava, Ukraina', 'Det ryska tsarriket, 1709', 'Stormaktstidens avgörande vändpunkt. Karl XII hade marscherat in i det ryska tsarriket i vad som idag är Ukraina, försvagad av den hårdaste vintern på decennier. Den svenska armén – utmattad, underbemannad och utan ammunition – krossades av Peter den Stores numerärt överlägsna styrkor. Sverige förlorade 9 000 man och 14 000 kapitulerade. Karl flydde till det Osmanska riket. Det var stormaktstidens slut.', NULL, NULL, 'Den ödesdigra marschen in i Ukraina – genom den värsta vintern på ett sekel') ON CONFLICT (id) DO NOTHING;
INSERT INTO event_persons (event_id, person_id, role) VALUES ('se_e017', 'se_p007', 'Kung av Sverige, sårad och besegrad, flydde till Osmanska riket') ON CONFLICT (event_id, person_id) DO NOTHING;
INSERT INTO event_persons (event_id, person_id, role) VALUES ('se_e017', 'se_p008', 'Tsar av Ryssland, segrare – hämnades Narva') ON CONFLICT (event_id, person_id) DO NOTHING;
INSERT INTO event_persons (event_id, person_id, role) VALUES ('se_e017', 'se_p016', 'Kosackhetman, Karl XII:s ukrainske allierade') ON CONFLICT (event_id, person_id) DO NOTHING;
INSERT INTO event_waypoints (event_id, sort_order, lat, lng, label) VALUES ('se_e017', 0, 52.23, 21.01, 'Warszawa – utgångspunkt 1708');
INSERT INTO event_waypoints (event_id, sort_order, lat, lng, label) VALUES ('se_e017', 1, 52.4, 30.99, 'Homel – in i Ryssland');
INSERT INTO event_waypoints (event_id, sort_order, lat, lng, label) VALUES ('se_e017', 2, 51.5, 33.97, 'Baturyn – Mazepas säte bränns av Peter');
INSERT INTO event_waypoints (event_id, sort_order, lat, lng, label) VALUES ('se_e017', 3, 50.45, 34.52, 'Vinter 1708–09 – den stora frosten');
INSERT INTO event_waypoints (event_id, sort_order, lat, lng, label) VALUES ('se_e017', 4, 49.59, 34.55, 'Poltava – katastrofen');
INSERT INTO events (id, country_id, type, era_id, name, date, year, lat, lng, modern_location, historical_context, description, notes, wikipedia, route_description) VALUES ('se_e018', 'se', 'battle', 'stormakt', 'Slaget vid Gadebusch', '20 december 1712', 1712, 53.703, 11.117, 'Gadebusch, Tyskland', 'Hertigdömet Mecklenburg, 1712', 'Sveriges sista stora seger i Stora Nordiska kriget. Magnus Stenbock besegrade en dansk-sachsisk armé i norra Tyskland. Men segern var strategiskt meningslös – Sverige var omringat på alla fronter och Stenbock kapitulerade året därpå vid Tönning.', NULL, NULL, NULL) ON CONFLICT (id) DO NOTHING;
INSERT INTO event_persons (event_id, person_id, role) VALUES ('se_e018', 'se_p009', 'Svensk fältmarskalk, vann den sista svenska storsegern') ON CONFLICT (event_id, person_id) DO NOTHING;
INSERT INTO events (id, country_id, type, era_id, name, date, year, lat, lng, modern_location, historical_context, description, notes, wikipedia, route_description) VALUES ('se_e019', 'se', 'event', 'fall', 'Karl XII skjuts vid Fredrikshald', '30 november 1718', 1718, 59.128, 11.387, 'Halden, Norge', 'Norge (dansk), 1718', 'Under belägringen av den norska fästningen Fredrikshald sköts Karl XII i huvudet i ett löpgravssystem. Omständigheterna är fortfarande historiskt omtvistade – var det ett fientligt skott eller ett attentat? Med hans död upphörde Sverige att föra krig och stormaktsepoken tog slut.', NULL, NULL, 'Karl XII:s extraordinära flykt – från Poltava till osmanerna och slutligen hem') ON CONFLICT (id) DO NOTHING;
INSERT INTO event_persons (event_id, person_id, role) VALUES ('se_e019', 'se_p007', 'Kung av Sverige, stupade under oklara omständigheter') ON CONFLICT (event_id, person_id) DO NOTHING;
INSERT INTO event_waypoints (event_id, sort_order, lat, lng, label) VALUES ('se_e019', 0, 49.59, 34.55, 'Poltava – flykten börjar');
INSERT INTO event_waypoints (event_id, sort_order, lat, lng, label) VALUES ('se_e019', 1, 47.84, 35.14, 'Zaporizjzja – passerar Dnjepr');
INSERT INTO event_waypoints (event_id, sort_order, lat, lng, label) VALUES ('se_e019', 2, 46.84, 29.64, 'Bender, Moldavien – osmaniskt skydd');
INSERT INTO event_waypoints (event_id, sort_order, lat, lng, label) VALUES ('se_e019', 3, 57.71, 11.97, 'Stralsund – återvänder 1714');
INSERT INTO event_waypoints (event_id, sort_order, lat, lng, label) VALUES ('se_e019', 4, 59.13, 11.39, 'Fredrikshald – sköts 1718');
INSERT INTO events (id, country_id, type, era_id, name, date, year, lat, lng, modern_location, historical_context, description, notes, wikipedia, route_description) VALUES ('se_e020', 'se', 'event', 'fall', 'Freden i Nystad', '10 september 1721', 1721, 60.801, 21.375, 'Uusikaupunki, Finland', 'Kungariket Sverige, 1721', 'Stora Nordiska krigets slutliga uppgörelse. Sverige tvingades avträda Estland, Livland, Ingermanland och delar av Karelen till Ryssland. Det var ett av de mest kännbara territoriella förlusterna i svensk historia och markerade officiellt slutet på stormaktstiden. Ryssland tog över rollen som Östersjöns dominerande makt.', NULL, NULL, NULL) ON CONFLICT (id) DO NOTHING;
INSERT INTO event_persons (event_id, person_id, role) VALUES ('se_e020', 'se_p010', 'Drottning av Sverige, ratificerade freden') ON CONFLICT (event_id, person_id) DO NOTHING;
INSERT INTO event_persons (event_id, person_id, role) VALUES ('se_e020', 'se_p008', 'Tsar av Ryssland, tog emot de baltiska provinserna') ON CONFLICT (event_id, person_id) DO NOTHING;
INSERT INTO events (id, country_id, type, era_id, name, date, year, lat, lng, modern_location, historical_context, description, notes, wikipedia, route_description) VALUES ('se_e021', 'se', 'event', 'frihetstid', 'Frihetstiden inleds – ny författning', '1720', 1720, 59.325, 18.071, 'Stockholm, Sverige', 'Kungariket Sverige, 1720', 'Efter Karl XII:s död och stormaktstidens kostsamma krig förlorade kungamakten sin absoluta ställning. En ny regeringsform gav riksrådet och riksdagen makten. Sverige gick från envälde till en form av parlamentarisk styrelse – ovanligt för sin tid i Europa.', NULL, NULL, NULL) ON CONFLICT (id) DO NOTHING;
INSERT INTO event_persons (event_id, person_id, role) VALUES ('se_e021', 'se_p010', 'Drottning, accepterade den begränsade kungamakten') ON CONFLICT (event_id, person_id) DO NOTHING;
INSERT INTO event_persons (event_id, person_id, role) VALUES ('se_e021', 'se_p011', 'Ledande politiker, arkitekt bakom den nya författningen') ON CONFLICT (event_id, person_id) DO NOTHING;
INSERT INTO events (id, country_id, type, era_id, name, date, year, lat, lng, modern_location, historical_context, description, notes, wikipedia, route_description) VALUES ('se_e022', 'se', 'battle', 'frihetstid', 'Hattarnas krig mot Ryssland', '1741–1743', 1741, 60.45, 25.1, 'Helsingfors, Finland', 'Svenska Finland, 1741', 'Det krigsbejakande hattpartiet drev Sverige in i ett nytt krig mot Ryssland med förhoppning om att återta förlusterna från Nystad. Det slutade i katastrof. Sverige förlorade ytterligare territorium i Finland och tsarinan Elisabet dikterade fredsvillkoren. Kriget visade att stormaktstiden verkligen var förbi.', NULL, NULL, 'Hattarnas offensiv in i Finland – som snabbt slutade i katastrof') ON CONFLICT (id) DO NOTHING;
INSERT INTO event_persons (event_id, person_id, role) VALUES ('se_e022', 'se_p017', 'Kung av Sverige, förde ett krig han inte kunde vinna') ON CONFLICT (event_id, person_id) DO NOTHING;
INSERT INTO event_waypoints (event_id, sort_order, lat, lng, label) VALUES ('se_e022', 0, 59.33, 18.07, 'Stockholm – mobilisering');
INSERT INTO event_waypoints (event_id, sort_order, lat, lng, label) VALUES ('se_e022', 1, 60.39, 25.67, 'Helsingfors – anfall in i Finland');
INSERT INTO event_waypoints (event_id, sort_order, lat, lng, label) VALUES ('se_e022', 2, 60.45, 27.18, 'Fredrikshamn – fronten');
INSERT INTO events (id, country_id, type, era_id, name, date, year, lat, lng, modern_location, historical_context, description, notes, wikipedia, route_description) VALUES ('se_e023', 'se', 'event', 'gustaviansk', 'Gustaf III:s statskupp', '19 augusti 1772', 1772, 59.325, 18.071, 'Stockholm, Sverige', 'Kungariket Sverige, 1772', 'Gustaf III genomförde en närmast oblodig statskupp och återupprättade kungamakten. Han omringade riksdagen med trupper och tvingade fram en ny regeringsform som gav kungen tillbaka den verkliga makten. Frihetstiden var slut. Gustaf III var karismatisk, kultiverad och briljant – men också djupt auktoritär.', NULL, NULL, NULL) ON CONFLICT (id) DO NOTHING;
INSERT INTO event_persons (event_id, person_id, role) VALUES ('se_e023', 'se_p012', 'Kung av Sverige, genomförde kuppen personligen') ON CONFLICT (event_id, person_id) DO NOTHING;
INSERT INTO events (id, country_id, type, era_id, name, date, year, lat, lng, modern_location, historical_context, description, notes, wikipedia, route_description) VALUES ('se_e024', 'se', 'battle', 'gustaviansk', 'Slaget vid Hogland', '17 juli 1788', 1788, 60.467, 26.983, 'Finska viken, internationellt vatten', 'Finska viken, 1788', 'Gustaf III startade krig mot Ryssland utan riksdagens godkännande och den svenska flottan mötte ryssarna vid Hogland i Finska viken. Resultatet var oavgjort men kriget var politiskt katastrofalt – officerarna vägrade lyda order och bildade Anjalaförbundet mot kungen.', NULL, NULL, NULL) ON CONFLICT (id) DO NOTHING;
INSERT INTO event_persons (event_id, person_id, role) VALUES ('se_e024', 'se_p012', 'Kung av Sverige, initierade kriget') ON CONFLICT (event_id, person_id) DO NOTHING;
INSERT INTO events (id, country_id, type, era_id, name, date, year, lat, lng, modern_location, historical_context, description, notes, wikipedia, route_description) VALUES ('se_e025', 'se', 'battle', 'gustaviansk', 'Slaget vid Svensksund', '9–10 juli 1790', 1790, 60.55, 27.1, 'Kotka, Finland', 'Svenska Finland, 1790', 'Sveriges största flottaktig sett till antalet fartyg och den mest lysande svenska sjösegren i modern tid. Gustaf III ledde personligen en galärflotta mot ryssarna i Finska viken och vann en fullständig seger. Kungen jublade men freden som följde gav inga territoriella vinster.', NULL, NULL, 'Gustaf III:s galärflotta seglar österut mot den ryska flottan') ON CONFLICT (id) DO NOTHING;
INSERT INTO event_persons (event_id, person_id, role) VALUES ('se_e025', 'se_p012', 'Kung av Sverige, ledde flottan personligen till seger') ON CONFLICT (event_id, person_id) DO NOTHING;
INSERT INTO event_waypoints (event_id, sort_order, lat, lng, label) VALUES ('se_e025', 0, 60.15, 25, 'Helsingfors – flottan samlas');
INSERT INTO event_waypoints (event_id, sort_order, lat, lng, label) VALUES ('se_e025', 1, 60.42, 26.2, 'Pyttis – galärerna formeras');
INSERT INTO event_waypoints (event_id, sort_order, lat, lng, label) VALUES ('se_e025', 2, 60.55, 27.1, 'Svensksund – den avgörande segern');
INSERT INTO events (id, country_id, type, era_id, name, date, year, lat, lng, modern_location, historical_context, description, notes, wikipedia, route_description) VALUES ('se_e026', 'se', 'event', 'gustaviansk', 'Gustaf III mördas på maskeradbal', '29 mars 1792', 1792, 59.325, 18.071, 'Stockholm, Sverige', 'Kungariket Sverige, 1792', 'Gustaf III sköts på en maskeradbal på Operan i Stockholm av Jacob Johan Anckarström, en del av en adelskonspiracy. Han dog av sina sår tretton dagar senare. Mordet inspirerade senare Verdis opera Un ballo in maschera. Hans son Gustaf IV Adolf, bara 13 år, ärvde tronen.', NULL, NULL, NULL) ON CONFLICT (id) DO NOTHING;
INSERT INTO event_persons (event_id, person_id, role) VALUES ('se_e026', 'se_p012', 'Kung av Sverige, mördad på maskeraden') ON CONFLICT (event_id, person_id) DO NOTHING;
INSERT INTO events (id, country_id, type, era_id, name, date, year, lat, lng, modern_location, historical_context, description, notes, wikipedia, route_description) VALUES ('se_e027', 'se', 'battle', 'gustaviansk', 'Finska kriget – Ryssland invaderar', 'februari 1808', 1808, 60.45, 25.1, 'Helsingfors, Finland', 'Svenska Finland, 1808', 'Ryssland invaderade Finland i februari 1808 med Napoleons tysta samtycke. Gustaf IV Adolf vägrade kompromissa och förde ett katastrofalt krig. Den svenska armén retirerade hela vägen norrut och Finland föll i ryska händer. Det var den mest traumatiska territoriella förlusten i svensk historia.', NULL, NULL, 'Det ryska framrycket – Sverige retirerade hela vägen norrut') ON CONFLICT (id) DO NOTHING;
INSERT INTO event_persons (event_id, person_id, role) VALUES ('se_e027', 'se_p013', 'Kung av Sverige, förde ett hopplöst försvarskrig') ON CONFLICT (event_id, person_id) DO NOTHING;
INSERT INTO event_waypoints (event_id, sort_order, lat, lng, label) VALUES ('se_e027', 0, 60.72, 28.75, 'Viborg – ryska armén bryter upp');
INSERT INTO event_waypoints (event_id, sort_order, lat, lng, label) VALUES ('se_e027', 1, 60.45, 25.1, 'Helsingfors – faller i mars 1808');
INSERT INTO event_waypoints (event_id, sort_order, lat, lng, label) VALUES ('se_e027', 2, 61.49, 23.77, 'Tammerfors – armén trycks norrut');
INSERT INTO event_waypoints (event_id, sort_order, lat, lng, label) VALUES ('se_e027', 3, 64.83, 25.08, 'Siikajoki – sista svenska motståndet');
INSERT INTO events (id, country_id, type, era_id, name, date, year, lat, lng, modern_location, historical_context, description, notes, wikipedia, route_description) VALUES ('se_e028', 'se', 'battle', 'gustaviansk', 'Slaget vid Siikajoki', '18 april 1808', 1808, 64.833, 25.083, 'Siikajoki, Finland', 'Norra Finland, 1808', 'En av de få svenska segrarna under Finska kriget. Den svenska armén under Georg Carl von Döbeln stoppade det ryska framrycket tillfälligt i norra Finland. Men det förändrade inte krigets utgång – Ryssland hade överväldigande resurser och Finland var strategiskt förlorat.', NULL, NULL, NULL) ON CONFLICT (id) DO NOTHING;
INSERT INTO events (id, country_id, type, era_id, name, date, year, lat, lng, modern_location, historical_context, description, notes, wikipedia, route_description) VALUES ('se_e029', 'se', 'event', 'gustaviansk', 'Gustaf IV Adolf avsätts', '13 mars 1809', 1809, 59.325, 18.071, 'Stockholm, Sverige', 'Kungariket Sverige, 1809', 'Militärofficerare grep Gustaf IV Adolf i en kupp och avsatte honom. Han var den siste svenska kungen att störtas från tronen. Hans farbror Karl XIII tog makten som en kompromiss, men var gammal och barnlös. Sverige behövde en ny tronföljare – och blickade oväntat mot Frankrike.', NULL, NULL, NULL) ON CONFLICT (id) DO NOTHING;
INSERT INTO event_persons (event_id, person_id, role) VALUES ('se_e029', 'se_p013', 'Kung av Sverige, avsatt i militärkupp, gick i exil') ON CONFLICT (event_id, person_id) DO NOTHING;
INSERT INTO events (id, country_id, type, era_id, name, date, year, lat, lng, modern_location, historical_context, description, notes, wikipedia, route_description) VALUES ('se_e030', 'se', 'event', 'slutet', 'Freden i Fredrikshamn – Finland förloras', '17 september 1809', 1809, 60.567, 27.2, 'Hamina, Finland', 'Finska viken, 1809', 'Sverige tvingades formellt avträda hela Finland till Ryssland. Finland hade varit en del av Sverige i över 600 år. Förlusten var ett nationellt trauma utan like och omformade den svenska självbilden fundamentalt. Sverige var nu ett litet nordeuropeiskt kungarike – stormaktstiden ett minne.', NULL, NULL, NULL) ON CONFLICT (id) DO NOTHING;
INSERT INTO events (id, country_id, type, era_id, name, date, year, lat, lng, modern_location, historical_context, description, notes, wikipedia, route_description) VALUES ('se_e031', 'se', 'event', 'slutet', 'Bernadotte väljs till kronprins', '21 augusti 1810', 1810, 58.592, 16.185, 'Örebro, Sverige', 'Kungariket Sverige, 1810', 'Den franske marskalken Jean-Baptiste Bernadotte valdes av riksdagen i Örebro till svensk kronprins – ett av historiens mer osannolika dynastiskiften. En napoleonsk general, som aldrig hade besökt Sverige, skulle nu leda landet. Han tog namnet Karl Johan och visade sig bli en av Sveriges mest framgångsrika statsöverhuvuden.', NULL, NULL, NULL) ON CONFLICT (id) DO NOTHING;
INSERT INTO event_persons (event_id, person_id, role) VALUES ('se_e031', 'se_p014', 'Fransk marskalk, vald till svensk kronprins') ON CONFLICT (event_id, person_id) DO NOTHING;
INSERT INTO events (id, country_id, type, era_id, name, date, year, lat, lng, modern_location, historical_context, description, notes, wikipedia, route_description) VALUES ('se_e032', 'se', 'battle', 'slutet', 'Slaget vid Leipzig – Sverige mot Napoleon', '16–19 oktober 1813', 1813, 51.34, 12.375, 'Leipzig, Tyskland', 'Sachsen, 1813', 'Karl Johan ledde svenska trupper mot sin gamle chef Napoleon i ''Völkerschlacht'' – Nationernas slag. Sverige stred som en del av den sjätte koalitionen och bidrog till Napoleons avgörande nederlag. Karl Johans agerande var strategiskt klokt men ansågs av vissa som ett förräderi mot Frankrike.', NULL, NULL, NULL) ON CONFLICT (id) DO NOTHING;
INSERT INTO event_persons (event_id, person_id, role) VALUES ('se_e032', 'se_p014', 'Kronprins av Sverige, överbefälhavare för Nordtyska armén') ON CONFLICT (event_id, person_id) DO NOTHING;
INSERT INTO events (id, country_id, type, era_id, name, date, year, lat, lng, modern_location, historical_context, description, notes, wikipedia, route_description) VALUES ('se_e033', 'se', 'battle', 'slutet', 'Karl Johan invaderar Danmark', 'januari 1814', 1814, 57.046, 9.919, 'Jylland, Danmark', 'Kungariket Danmark, 1814', 'Karl Johan marscherade in i Holstein och Jylland med en överlägsen armé. Danmark, som allierat sig med Napoleon, hade inget val. Trycket var omedelbart och effektivt. Inom veckor satt danskarna vid förhandlingsbordet.', NULL, NULL, 'Karl Johans snabba invasion – Danmark hade inget svar på den överlägsna armén') ON CONFLICT (id) DO NOTHING;
INSERT INTO event_persons (event_id, person_id, role) VALUES ('se_e033', 'se_p014', 'Kronprins av Sverige, ledde invasionen') ON CONFLICT (event_id, person_id) DO NOTHING;
INSERT INTO event_waypoints (event_id, sort_order, lat, lng, label) VALUES ('se_e033', 0, 53.55, 10, 'Hamburg-trakten – samlingsplats');
INSERT INTO event_waypoints (event_id, sort_order, lat, lng, label) VALUES ('se_e033', 1, 54.31, 10.13, 'Kiel – in i Holstein');
INSERT INTO event_waypoints (event_id, sort_order, lat, lng, label) VALUES ('se_e033', 2, 55.71, 9.52, 'Kolding – in i Jylland');
INSERT INTO event_waypoints (event_id, sort_order, lat, lng, label) VALUES ('se_e033', 3, 57.05, 9.92, 'Ålborg – Danmark kapitulerar');
INSERT INTO events (id, country_id, type, era_id, name, date, year, lat, lng, modern_location, historical_context, description, notes, wikipedia, route_description) VALUES ('se_e034', 'se', 'event', 'slutet', 'Freden i Kiel – Norge till Sverige', '14 januari 1814', 1814, 54.323, 10.133, 'Kiel, Tyskland', 'Hertgidömet Holstein, 1814', 'Danmark tvingades avträda Norge till Sverige i freden i Kiel – en direkt följd av Karl Johans invasion och Napoleons fall. Det avslutade formellt den långa konflikten mellan Sverige och Danmark som hade pågått i århundraden sedan Stockholms blodbad 1520. Berättelsens cirkel slöts.', NULL, NULL, NULL) ON CONFLICT (id) DO NOTHING;
INSERT INTO event_persons (event_id, person_id, role) VALUES ('se_e034', 'se_p014', 'Kronprins av Sverige, erhöll Norge som krigsvinst') ON CONFLICT (event_id, person_id) DO NOTHING;
